﻿Designator,Footprint,Quantity,Value,LCSC Part #
D1,D_SOD-123F,1,MBR120VLSFT1G,C223608
"D10, D12, D14, D2, D4, D6, D8",0805,7,~,C965813
"D11, D13, D15, D3, D5, D7, D9",0805,7,LED_Small,C965813
J1,PinHeader_1x08_P2.54mm_Horizontal,1,ConnMain,C492416
J2,PinHeader_1x14_P2.54mm_Vertical,1,ConnPorts,C18197990
"L_FMT_OUT1, L_R_IN1",0805,2,~,C965817
"L_LANG_OUT1, L_R_OUT1",0805,2,LED_Small,C965817
L_PWR1,0805,1,LED_Small,C965812
"R1, R10, R11, R12, R13, R14, R16, R17, R18, R19, R2, R20, R21, R22, R23, R24, R25, R26, R27, R28, R29, R3, R30, R31, R32, R33, R34, R35, R36, R37, R4, R5, R6, R7, R8, R9",0805,36,1K,C17513
R15,0805,1,220R,C114519
U1,RaspberryPi_Pico_W_SMD_HandSolder,1,~,C7203003
"U2, U3, U4",TSSOP-20_4.4x6.5mm_P0.65mm,3,TXS0108EPW,C17206
